Direction,Average Flow Rate (veh/hr),Average Density (veh/km),Average Inter-Vehicular Distance (m)
Northbound,30.0,1.2622395833333333,484.59218908528993
Southbound,29.583333333333332,0.8265972222222221,181.85793231201998
Eastbound,67.5,0.11564729867482162,1879.0672050773776
Westbound,59.583333333333336,0.10019750254841998,2034.2165629165736
