Direction,Average Flow Rate (veh/hr),Average Density (veh/km),Average Inter-Vehicular Distance (m)
Northbound,30.833333333333332,1.2080034722222224,497.37614131758204
Southbound,29.583333333333332,0.9504166666666666,172.62312007664443
Eastbound,68.75,0.12024719673802244,1818.0036957671146
Westbound,64.16666666666667,0.11156345565749236,1923.4205270999607
