Direction,Average Flow Rate (veh/hr),Average Density (veh/km),Average Inter-Vehicular Distance (m)
Northbound,13.478260869565217,0.37722826086956524,853.1384858321769
Southbound,13.91304347826087,0.4035507246376812,294.27146981478086
Eastbound,26.08695652173913,0.03302752293577982,2651.5717035606244
Westbound,23.91304347826087,0.03322031644728095,2655.860865130762
