Direction,Average Flow Rate (veh/hr),Average Density (veh/km),Average Inter-Vehicular Distance (m)
Northbound,13.043478260869565,0.6924094202898551,249.69606826185958
Southbound,14.347826086956522,0.38568840579710145,301.77164182356785
Eastbound,26.956521739130434,0.034962106102911845,2658.1196797163307
Westbound,22.17391304347826,0.02782874617737003,2705.1735590108506
