Direction,Average Flow Rate (veh/hr),Average Density (veh/km),Average Inter-Vehicular Distance (m)
Northbound,13.043478260869565,0.12496376811594204,388.48798848152353
Southbound,14.347826086956522,0.20317028985507246,273.7272426464638
Eastbound,24.347826086956523,0.03152506315649515,2650.6995180545805
Westbound,18.695652173913043,0.024112485041882726,2934.6341836711017
