Direction,Average Flow Rate (veh/hr),Average Density (veh/km),Average Inter-Vehicular Distance (m)
Northbound,31.25,0.3489583333333333,247.76736159156457
Southbound,28.333333333333332,0.4544965277777778,202.3718131767453
Eastbound,60.0,0.07828109072375128,2586.681837869752
Westbound,57.5,0.07777140672782874,2445.5190499162472
