Direction,Average Flow Rate (veh/hr),Average Density (veh/km),Average Inter-Vehicular Distance (m)
Northbound,35.0,1.05359375,181.93382173694886
Southbound,26.666666666666668,0.7301736111111111,186.7014262253662
Eastbound,56.666666666666664,0.07608944954128441,2595.8965720891038
Westbound,53.75,0.07847859327217126,2470.802460553081
