Direction,Average Flow Rate (veh/hr),Average Density (veh/km),Average Inter-Vehicular Distance (m)
Northbound,35.0,1.230798611111111,426.77846535175917
Southbound,26.666666666666668,1.2141840277777778,157.04869803866563
Eastbound,60.833333333333336,0.12176350662589194,2081.1769150574705
Westbound,52.916666666666664,0.08371559633027523,2306.9681309847397
