Direction,Average Flow Rate (veh/hr),Average Density (veh/km),Average Inter-Vehicular Distance (m)
Northbound,21.0,0.7936000000000003,126.4463396096832
Southbound,29.4,1.0914499999999998,105.54928023249221
Eastbound,69.6,0.18022935779816518,1102.5598791077518
Westbound,81.0,0.1604036697247706,1197.6751403497603
