Direction,Average Flow Rate (veh/hr),Average Density (veh/km),Average Inter-Vehicular Distance (m)
Northbound,25.0,1.2859523809523807,1985.8342857142857
Southbound,35.0,1.4065476190476187,744.210909090909
Eastbound,82.85714285714286,0.24986893840104846,778.378
Westbound,96.42857142857143,0.20150720838794237,1174.787142857143
