Direction,Average Flow Rate (veh/hr),Average Density (veh/km),Average Inter-Vehicular Distance (m)
Northbound,31.666666666666668,0.35352430555555553,263.72803226681623
Southbound,30.0,0.31994791666666667,265.76203797254993
Eastbound,65.41666666666667,0.08893348623853212,2189.8448237253983
Westbound,62.083333333333336,0.0913098878695209,2084.792938747633
