Direction,Average Flow Rate (veh/hr),Average Density (veh/km),Average Inter-Vehicular Distance (m)
Northbound,13.043478260869565,0.42827898550724636,1932.0908780097186
Southbound,13.478260869565217,0.3188586956521739,357.3587521677193
Eastbound,28.695652173913043,0.03595931392102114,2744.6092121421852
Westbound,19.565217391304348,0.024564552586092275,2868.1359138493403
